cluster,adr_mean,adr_median,cancellation_rate_pct
0,63.48,65.0,13.63
1,116.22,110.7,28.19
2,111.28,100.7,0.0
3,87.93,84.0,17.98
4,156.61,150.5,38.01
5,93.49,90.0,52.72
6,98.84,85.74,35.7
7,77.52,70.0,99.7
