cluster,cluster_share_pct,lead_time,adults,is_repeated_guest,previous_cancellations,previous_bookings_not_canceled,required_car_parking_spaces,total_of_special_requests,minor_count,total_nights,adr_mean,adr_median,cancellation_rate_pct,top_meal,top_meal_pct,hotel_top,hotel_top_pct,market_segment_top,market_segment_top_pct,distribution_channel_top,distribution_channel_top_pct,deposit_type_top,deposit_type_top_pct,customer_type_top,customer_type_top_pct,arrival_season_top,arrival_season_top_pct,country_group_top,country_group_top_pct
0,3.32,28.78,1.37,0.95,0.37,2.13,0.16,0.62,0.03,1.84,63.48,65.0,13.63,BB,91.81,City Hotel,51.06,Corporate,41.3,Corporate,43.98,No Deposit,98.13,Transient,81.77,Winter,29.51,Portugal,84.88
1,22.2,86.29,2.13,0.0,0.0,0.0,0.0,1.4,0.0,3.24,116.22,110.7,28.19,BB,76.0,City Hotel,77.43,Online TA,89.02,TA/TO,94.18,No Deposit,99.97,Transient,89.87,Summer,34.61,Western Europe,20.86
2,5.28,57.6,1.94,0.0,0.0,0.04,1.01,0.82,0.1,3.22,111.28,100.7,0.0,BB,81.78,Resort Hotel,75.28,Online TA,54.63,TA/TO,64.36,No Deposit,99.71,Transient,85.98,Summer,32.35,Portugal,37.12
3,15.71,9.46,1.48,0.0,0.0,0.02,0.0,0.31,0.01,2.0,87.93,84.0,17.98,BB,81.51,City Hotel,60.69,Online TA,40.06,TA/TO,57.24,No Deposit,98.53,Transient,77.3,Winter,31.09,Portugal,47.58
4,6.91,89.72,1.95,0.0,0.0,0.0,0.06,0.92,1.48,3.87,156.61,150.5,38.01,BB,82.32,City Hotel,60.86,Online TA,74.96,TA/TO,82.47,No Deposit,99.89,Transient,91.01,Summer,48.88,Portugal,27.06
5,31.63,153.54,1.84,0.0,0.0,0.0,0.0,0.09,0.0,2.84,93.49,90.0,52.72,BB,75.56,City Hotel,84.15,Offline TA/TO,35.51,TA/TO,91.3,No Deposit,72.16,Transient,61.47,Spring,32.41,Portugal,50.29
6,10.44,142.07,1.94,0.0,0.0,0.0,0.0,0.5,0.02,8.28,98.84,85.74,35.7,BB,67.51,Resort Hotel,81.13,Online TA,44.11,TA/TO,85.81,No Deposit,97.6,Transient,72.75,Summer,44.85,British Isles,38.92
7,4.52,219.47,1.84,0.0,1.13,0.02,0.0,0.11,0.0,2.73,77.52,70.0,99.7,BB,81.34,City Hotel,85.81,Groups,57.8,TA/TO,93.27,Non Refund,66.18,Transient,52.07,Autumn,42.55,Portugal,95.64
